algorithm,input_type,n,time_ns,recursion_depth,comparisons,swaps,recursive_calls
MergeSort,random,100,26100,4,665,0,15
QuickSort,random,100,60300,4,632,411,62
MergeSort,sorted,100,4900,4,99,0,15
QuickSort,sorted,100,60600,3,715,426,66
MergeSort,reverse_sorted,100,31300,4,731,0,15
QuickSort,reverse_sorted,100,91200,4,662,334,69
MergeSort,duplicate_heavy,100,29100,4,568,0,15
QuickSort,duplicate_heavy,100,19400,2,314,203,10
MergeSort,random,500,187800,6,4756,0,63
QuickSort,random,500,469900,6,5004,3381,307
MergeSort,sorted,500,26400,6,499,0,63
QuickSort,sorted,500,397500,5,5264,2866,333
MergeSort,reverse_sorted,500,205600,6,4931,0,63
QuickSort,reverse_sorted,500,398300,6,5082,2870,328
MergeSort,duplicate_heavy,500,215500,6,4449,0,63
QuickSort,duplicate_heavy,500,99100,2,1597,1082,10
MergeSort,random,1000,82500,7,10413,0,127
QuickSort,random,1000,290800,6,10589,7415,645
MergeSort,sorted,1000,8100,7,999,0,127
QuickSort,sorted,1000,261000,6,11768,6074,665
MergeSort,reverse_sorted,1000,63100,7,10363,0,127
QuickSort,reverse_sorted,1000,184000,6,12331,7774,672
MergeSort,duplicate_heavy,1000,68100,7,10078,0,127
QuickSort,duplicate_heavy,1000,23400,3,2986,1981,10
MergeSort,random,5000,563400,10,59094,0,1023
QuickSort,random,5000,680000,8,69860,49951,3213
MergeSort,sorted,5000,223900,10,4999,0,1023
QuickSort,sorted,5000,453400,7,74534,36258,3329
MergeSort,reverse_sorted,5000,380500,10,44835,0,1023
QuickSort,reverse_sorted,5000,425500,7,72949,42272,3333
MergeSort,duplicate_heavy,5000,381200,10,56440,0,1023
QuickSort,duplicate_heavy,5000,48200,3,14461,9448,10
MergeSort,random,10000,736600,11,128189,0,2047
QuickSort,random,10000,577100,8,159837,114176,6423
MergeSort,sorted,10000,26300,11,9999,0,2047
QuickSort,sorted,10000,378900,8,168254,80750,6683
MergeSort,reverse_sorted,10000,157000,11,94671,0,2047
QuickSort,reverse_sorted,10000,370300,8,174111,92832,6667
MergeSort,duplicate_heavy,10000,736000,11,122673,0,2047
QuickSort,duplicate_heavy,10000,115800,2,35841,25831,10
MergeSort,random,20000,1121200,12,276295,0,4095
QuickSort,random,20000,1373300,10,355736,254731,12865
MergeSort,sorted,20000,42000,12,19999,0,4095
QuickSort,sorted,20000,819200,9,351783,170530,13366
MergeSort,reverse_sorted,20000,466200,12,199343,0,4095
QuickSort,reverse_sorted,20000,776700,9,326570,177788,13346
MergeSort,duplicate_heavy,20000,706000,12,264124,0,4095
QuickSort,duplicate_heavy,20000,247300,2,59814,39803,10
DeterministicSelect,random,100,39400,6,608,252,16
DeterministicSelect,sorted,100,31300,6,552,270,21
DeterministicSelect,reverse_sorted,100,23100,6,704,262,20
DeterministicSelect,duplicate_heavy,100,8800,5,345,130,7
DeterministicSelect,random,500,52300,9,3899,1595,71
DeterministicSelect,sorted,500,38100,9,2950,1531,54
DeterministicSelect,reverse_sorted,500,17000,8,3721,1460,53
DeterministicSelect,duplicate_heavy,500,5800,4,1514,622,4
DeterministicSelect,random,1000,49100,11,7790,3222,97
DeterministicSelect,sorted,1000,47300,10,6368,3280,93
DeterministicSelect,reverse_sorted,1000,46800,9,7483,2964,84
DeterministicSelect,duplicate_heavy,1000,19500,5,3143,1248,5
DeterministicSelect,random,5000,330200,12,40083,17142,257
DeterministicSelect,sorted,5000,149900,12,33940,17720,271
DeterministicSelect,reverse_sorted,5000,908800,11,38925,15730,237
DeterministicSelect,duplicate_heavy,5000,29300,6,15485,6329,6
DeterministicSelect,random,10000,250800,13,81495,34522,413
DeterministicSelect,sorted,10000,187800,13,68350,35814,398
DeterministicSelect,reverse_sorted,10000,217100,13,78590,31826,334
DeterministicSelect,duplicate_heavy,10000,128200,7,35230,13847,24
DeterministicSelect,random,20000,640500,14,165428,70092,543
DeterministicSelect,sorted,20000,447100,14,139522,72990,656
DeterministicSelect,reverse_sorted,20000,444400,14,158644,64541,525
DeterministicSelect,duplicate_heavy,20000,254900,7,61647,25405,7
ClosestPair,random,100,383100,7,804,-1,71
ClosestPair,random,500,870500,9,5863,-1,487
ClosestPair,random,1000,1208700,10,13174,-1,975
ClosestPair,random,5000,4925900,12,79221,-1,4095
ClosestPair,random,10000,13107500,13,172901,-1,8191
ClosestPair,random,20000,37049000,14,371967,-1,16383
